가게,메뉴,가격,카테고리,이미지_URL

포라코,치킨(소),7000,치킨,https://cdn.imweb.me/upload/S2017041358eed92818b4f/5b72895296f52.jpg
포라코,치킨(대),10000,치킨,https://cdn.imweb.me/upload/S2017041358eed92818b4f/5b72895296f52.jpg

먹깨비,롱점보닭꼬치,4000,닭꼬치,https://cdn.imweb.me/upload/S2017041358eed92818b4f/340c7a8af745b.jpg

타코스토리,타코야끼 10알,5000,타코야끼,https://cdn.imweb.me/upload/S2017041358eed92818b4f/a23717fdf3bbf.jpg
타코스토리,소떡소떡 1개,3000,소떡소떡,https://cdn.imweb.me/upload/S2017041358eed92818b4f/5d4b6fcca5798.jpg
타코스토리,멘보샤 6개,8000,멘보샤,https://cdn.imweb.me/upload/S2017041358eed92818b4f/95436354151cc.jpg

널부르는트럭,수제타코야끼,5000,타코야끼,https://cdn.imweb.me/upload/S2017041358eed92818b4f/9d62924679b81.jpg

짱츄닭,닭꼬치,4000,닭꼬치,https://cdn.imweb.me/upload/S2017041358eed92818b4f/a43529d196c4f.jpg

스타빅,떡볶이,4000,떡볶이,https://cdn.imweb.me/upload/S2017041358eed92818b4f/268f8cb3a314b.jpg
스타빅,순대,4000,순대,https://cdn.imweb.me/upload/S2017041358eed92818b4f/8a117543a0beb.jpg
스타빅,어묵 2개,2000,어묵,https://cdn.imweb.me/upload/S2017041358eed92818b4f/0255b59cf4957.jpg
스타빅,타코야끼 10알,5000,타코야끼,https://cdn.imweb.me/upload/S2017041358eed92818b4f/02eb2cdd04e78.jpg
스타빅,베이컨 치즈핫도그,6000,핫도그,https://cdn.imweb.me/upload/S2017041358eed92818b4f/86306d4fdd5f4.jpg

푸드마케ㅌ,닭꼬치,3000,닭꼬치,https://cdn.imweb.me/upload/S2017041358eed92818b4f/5be532b2d12d5.jpg
푸드마케ㅌ,양꼬치,3000,양꼬치,https://cdn.imweb.me/upload/S2017041358eed92818b4f/5be53250c1621.jpg
푸드마케ㅌ,치즈핫도그,2500,핫도그,https://cdn.imweb.me/upload/S2017041358eed92818b4f/5be53250afce7.jpg

형아네,양꼬치,3000,양꼬치,https://cdn.imweb.me/upload/S2017041358eed92818b4f/5be53029ed8a2.jpg

BAM MA SIL(밤마실),칠리쉬림프,7000,쉬림프,https://cdn.imweb.me/upload/S2017041358eed92818b4f/5bbabb2166f15.jpeg
BAM MA SIL(밤마실),갈릭버터쉬림프,7000,쉬림프,https://cdn.imweb.me/upload/S2017041358eed92818b4f/5bbabb0a22554.jpeg
BAM MA SIL(밤마실),레몬크림쉬림프,7000,쉬림프,https://cdn.imweb.me/upload/S2017041358eed92818b4f/5bbabb0a3b6d8.jpeg

미드나잇,새우플레이트,9000,쉬림프,https://cdn.imweb.me/upload/S2017041358eed92818b4f/5bbab9cbe4716.jpg
미드나잇,마약옥수수,4000,옥수수,https://cdn.imweb.me/upload/S2017041358eed92818b4f/5bbab9cc01cc0.jpg

YO! Chef!,마요롱닭꼬치,3500,닭꼬치,https://cdn.imweb.me/upload/S2017041358eed92818b4f/5b69232cebc4c.jpg
YO! Chef!,매운롱닭꼬치,3500,닭꼬치,https://cdn.imweb.me/upload/S2017041358eed92818b4f/5b6923294c311.jpg
YO! Chef!,데리롱닭꼬치,3500,닭꼬치,https://cdn.imweb.me/upload/S2017041358eed92818b4f/5b69232ac677b.jpg
YO! Chef!,치즈롱닭꼬치,4500,닭꼬치,https://cdn.imweb.me/upload/S2017041358eed92818b4f/5b69232e5b30e.jpg
YO! Chef!,갈비꼬치,4500,꼬치,https://cdn.imweb.me/upload/S2017041358eed92818b4f/5b692326aca73.jpg
YO! Chef!,스테이크꼬치,5500,꼬치,https://cdn.imweb.me/upload/S2017041358eed92818b4f/5b6923da0cc51.jpg
YO! Chef!,쏘떡쏘떡,3000,소떡소떡,https://cdn.imweb.me/upload/S2017041358eed92818b4f/5b6923281c127.jpg

불아이스,철판 불 닭꼬치,3000,닭꼬치,https://cdn.imweb.me/upload/S2017041358eed92818b4f/5b56ac4a55973.jpg
불아이스,불 염통꼬치 (4개 1인분),2000,꼬치,https://cdn.imweb.me/upload/S2017041358eed92818b4f/5b56b25fae617.jpg
불아이스,새우 모듬 튀김,6000,튀김,https://cdn.imweb.me/upload/S2017041358eed92818b4f/5b555e39697d7.jpg
불아이스,수박쥬스,4000,음료,https://cdn.imweb.me/upload/S2017041358eed92818b4f/5b555e5a0f823.jpg
불아이스,오렌지쥬스,3500,음료,https://cdn.imweb.me/upload/S2017041358eed92818b4f/5b555e5a0f823.jpg
불아이스,사과쥬스,3500,음료,https://cdn.imweb.me/upload/S2017041358eed92818b4f/5b555e5a0f823.jpg

나는 닭강정 이다,닭강정(작은컵),5000,닭강정,https://cdn.imweb.me/upload/S2017041358eed92818b4f/5b3c2204a844a.jpg
나는 닭강정 이다,닭강정(큰컵),10000,닭강정,https://cdn.imweb.me/upload/S2017041358eed92818b4f/5b3c2204a844a.jpg

오산누들,여왕오징어튀김,7000,튀김,https://cdn.imweb.me/upload/S2017041358eed92818b4f/5b3b47ef78d02.jpg
오산누들,왕새우튀김,7000,튀김,https://cdn.imweb.me/upload/S2017041358eed92818b4f/5b3b47ef3904d.jpg
오산누들,무뼈닭발,10000,닭발,https://cdn.imweb.me/upload/S2017041358eed92818b4f/5b3b47ef449f3.jpg
오산누들,순쌀떡볶이,4000,떡볶이,https://cdn.imweb.me/upload/S2017041358eed92818b4f/5b3b47ef6983f.jpg
오산누들,옛날핫도그,2500,핫도그,https://cdn.imweb.me/upload/S2017041358eed92818b4f/5b3b47ef8a2d5.png

맛짱,닭강정(소),5000,닭강정,https://cdn.imweb.me/upload/S2017041358eed92818b4f/5b3b4713393ce.png
맛짱,닭강정(중),9000,닭강정,https://cdn.imweb.me/upload/S2017041358eed92818b4f/5b3b4713393ce.png
맛짱,닭강정(대),13000,닭강정,https://cdn.imweb.me/upload/S2017041358eed92818b4f/5b3b4713393ce.png
맛짱,치즈닭강정(중),10000,닭강정,https://cdn.imweb.me/upload/S2017041358eed92818b4f/5b3b46c56b400.jpg
맛짱,치즈닭강정(대),15000,닭강정,https://cdn.imweb.me/upload/S2017041358eed92818b4f/5b3b46c56b400.jpg

마이츄러스,츄러스,3000,츄러스,https://cdn.imweb.me/upload/S2017041358eed92818b4f/5b3b3c88e3a4f.jpg
마이츄러스,회오리감자,3000,회오리감자,https://cdn.imweb.me/upload/S2017041358eed92818b4f/5b3b3c89081b1.jpg

불타는네모반점,네모새우,5000,쉬림프,https://cdn.imweb.me/upload/S2017041358eed92818b4f/5b3b29b5988a1.jpg
불타는네모반점,레몬크림새우,5000,쉬림프,https://cdn.imweb.me/upload/S2017041358eed92818b4f/5b3b29b6dcb15.jpg

아라푸드,아라 핫도그,4000,핫도그,https://cdn.imweb.me/upload/S2017041358eed92818b4f/5b29fe616ba0a.png
아라푸드,타코야키 7개,3000,타코야키,https://cdn.imweb.me/upload/S2017041358eed92818b4f/5b29fdff08b7c.jpg
아라푸드,타코야키 12개,5000,타코야키,https://cdn.imweb.me/upload/S2017041358eed92818b4f/5b29fdff08b7c.jpg
아라푸드,타코야키 20개,8000,타코야키,https://cdn.imweb.me/upload/S2017041358eed92818b4f/5b29fdff08b7c.jpg
아라푸드,슬러시,2000,슬러시,https://cdn.imweb.me/upload/S2017041358eed92818b4f/5b29fdfeec02e.jpg
아라푸드,임실치즈아이스크림,3500,아이스크림,https://cdn.imweb.me/upload/S2017041358eed92818b4f/5b29fdff1b6d9.jpg

홀리츄릅,치마새우(꼬치구이),6000,꼬치,https://cdn.imweb.me/upload/S2017041358eed92818b4f/5b29fcc9176be.jpg
홀리츄릅,베이컨 새우말이 볶음밥,6000,볶음밥,https://cdn.imweb.me/upload/S2017041358eed92818b4f/5b29fcc93d33e.jpg
홀리츄릅,불고기 핫도그,5000,핫도그,https://cdn.imweb.me/upload/S2017041358eed92818b4f/5b29fcc95d62b.jpg
홀리츄릅,통살새우 핫도그,5000,핫도그,https://cdn.imweb.me/upload/S2017041358eed92818b4f/5b29fcc976645.jpg

허니푸드,파닭꼬치,3000,닭꼬치,https://cdn.imweb.me/upload/S2017041358eed92818b4f/5b0f41fd0a9da.jpg

미미핫도그,미미핫도그,1500,핫도그,https://cdn.imweb.me/upload/S2017041358eed92818b4f/5a95fc5435294.jpg
미미핫도그,모짜렐라치즈 핫도그,2000,핫도그,https://cdn.imweb.me/upload/S2017041358eed92818b4f/5a95fc5f1a63e.jpg

리틀 쿠반,쿠바샌드위치,7000,샌드위치,https://cdn.imweb.me/upload/S2017041358eed92818b4f/5a1e9697422ad.png
리틀 쿠반,수제소시지,2000,소시지,https://cdn.imweb.me/upload/S2017041358eed92818b4f/5a1e96a9b1373.png
리틀 쿠반,모히또,5000,모히또,https://cdn.imweb.me/upload/S2017041358eed92818b4f/5a1e96b339dea.jpg

필살 샌드위치,필리 치즈 스테이크 샌드위치,7900,샌드위치,https://cdn.imweb.me/upload/S2017041358eed92818b4f/59db193f2cd91.jpg
필살 샌드위치,연어 샌드위치,8500,샌드위치,https://cdn.imweb.me/upload/S2017041358eed92818b4f/59db194fd7511.jpg
필살 샌드위치,닭발 샌드위치,8500,샌드위치,https://cdn.imweb.me/upload/S2017041358eed92818b4f/59db195ce1a51.jpg

쁘띠분식,치즈 & 계란 후라이 컵밥,5000,컵밥,https://cdn.imweb.me/upload/S2017041358eed92818b4f/59d1970c91002.jpg

말랑말랑분식,떡볶이,3000,떡볶이,https://cdn.imweb.me/upload/S2017041358eed92818b4f/59c08a3f8ceaa.jpg
말랑말랑분식,남작비빔만두,5000,만두,https://cdn.imweb.me/upload/S2017041358eed92818b4f/59c08a88c6162.jpg
말랑말랑분식,옛날 핫도그,2000,핫도그,https://cdn.imweb.me/upload/S2017041358eed92818b4f/59c08a9c7a537.jpg

TAKO-BOOM,타코야키 6개,3000,타코야키,https://cdn.imweb.me/upload/S2017041358eed92818b4f/59bce34120621.jpg
TAKO-BOOM,타코야키 12개,5000,타코야키,https://cdn.imweb.me/upload/S2017041358eed92818b4f/59bce34120621.jpg
TAKO-BOOM,타코야키 25개,10000,타코야키,https://cdn.imweb.me/upload/S2017041358eed92818b4f/59bce34120621.jpg

GAE SAE FOOD (개새 푸드트럭),계란듬뿍 샌드위치,3500,샌드위치,https://cdn.imweb.me/upload/S2017041358eed92818b4f/59bcde70d902a.jpg
GAE SAE FOOD (개새 푸드트럭),감자사라다 샌드위치 ,3500,샌드위치,https://cdn.imweb.me/upload/S2017041358eed92818b4f/59bcde8636614.jpg
GAE SAE FOOD (개새 푸드트럭),돈까스 샌드위치,6000,샌드위치,https://cdn.imweb.me/upload/S2017041358eed92818b4f/59bcde95953b0.jpg
GAE SAE FOOD (개새 푸드트럭),불고기 샌드위치,5500,샌드위치,https://cdn.imweb.me/upload/S2017041358eed92818b4f/59bcdea96cb22.jpg

킴스도넛,생 도넛츠,1000,빵,https://cdn.imweb.me/upload/S2017041358eed92818b4f/59accca3c0b55.jpg
킴스도넛,찹쌀 도넛츠,1000,빵,https://cdn.imweb.me/upload/S2017041358eed92818b4f/59accca3d82ea.jpg
킴스도넛,꽈배기,1000,빵,https://cdn.imweb.me/upload/S2017041358eed92818b4f/59accca3eddda.jpg

차니차니 닭강정,두리서,6000,닭강정,https://cdn.imweb.me/upload/S2017041358eed92818b4f/59b0da384fbe3.jpg
차니차니 닭강정,세시서,10000,닭강정,https://cdn.imweb.me/upload/S2017041358eed92818b4f/59b0da384fbe3.jpg
차니차니 닭강정,다같이,16000,닭강정,https://cdn.imweb.me/upload/S2017041358eed92818b4f/59b0da384fbe3.jpg

티로스(TEAROS),츄러스,2000,츄러스,https://cdn.imweb.me/upload/S2017041358eed92818b4f/59acb0ef66f28.jpg
티로스(TEAROS),아이스크림,3000,아이스크림,https://cdn.imweb.me/upload/S2017041358eed92818b4f/59acb0ef8e169.jpg
티로스(TEAROS),츄로핫도그,3000,핫도그,https://cdn.imweb.me/upload/S2017041358eed92818b4f/59acb0ef8049e.jpg

THE JAYU(더 자유),뉴욕 핫도그,4000,핫도그,https://cdn.imweb.me/upload/S2017041358eed92818b4f/59aceb9a72d59.jpg
THE JAYU(더 자유),아이스티,3000,아이스티,https://cdn.imweb.me/upload/S2017041358eed92818b4f/59aa84a581514.jpg
THE JAYU(더 자유),딸기쥬스,4000,음료,https://cdn.imweb.me/upload/S2017041358eed92818b4f/59aa8462b4acc.jpg
THE JAYU(더 자유),망고쥬스,4000,음료,https://cdn.imweb.me/upload/S2017041358eed92818b4f/59aa8462b4acc.jpg
THE JAYU(더 자유),키위쥬스,4000,음료,https://cdn.imweb.me/upload/S2017041358eed92818b4f/59aa8462b4acc.jpg
THE JAYU(더 자유),더치커피,4500,커피,https://cdn.imweb.me/upload/S2017041358eed92818b4f/59aa848ae5616.jpg

총각마차,닭꼬치-소금구이,3000,닭꼬치,https://cdn.imweb.me/upload/S2017041358eed92818b4f/59924d3c0cc40.jpg
총각마차,닭꼬치-바베큐,3000,닭꼬치,https://cdn.imweb.me/upload/S2017041358eed92818b4f/59924d1e29a03.jpg
총각마차,닭꼬치-데리야끼,3000,닭꼬치,https://cdn.imweb.me/upload/S2017041358eed92818b4f/59924d34c3141.jpg
총각마차,닭꼬치-매운맛,3000,닭꼬치,https://cdn.imweb.me/upload/S2017041358eed92818b4f/59924d101a9f6.jpg
총각마차,치즈 추가,500,토핑,https://cdn.imweb.me/upload/S2017041358eed92818b4f/59924d47a22fb.jpg
총각마차,깻잎 추가,500,토핑,https://cdn.imweb.me/upload/S2017041358eed92818b4f/59924d2ab671b.jpg

겹겹이 쿡 샌드,바베큐 핫 샌드위치,4500,샌드위치,https://cdn.imweb.me/upload/S2017041358eed92818b4f/5990f98b57ed6.jpg
겹겹이 쿡 샌드,치킨 바베큐 핫 샌드위치,4000,샌드위치,https://cdn.imweb.me/upload/S2017041358eed92818b4f/5990f993aa0a8.jpg
겹겹이 쿡 샌드,참치 샐러드 샌드위치,3500,샌드위치,https://cdn.imweb.me/upload/S2017041358eed92818b4f/5990f99cc9f85.jpg

치즈인더트랩,새우 버터구이,6000,쉬림프,https://cdn.imweb.me/upload/S2017041358eed92818b4f/5971b7076bf1a.jpg
치즈인더트랩,구워먹는 치즈 (할로미 치즈),3000,꼬치,https://cdn.imweb.me/upload/S2017041358eed92818b4f/5971b70d055c9.jpg

냠냠쩝쩝,국내산 수제 왕소시지,3500,소시지,https://cdn.imweb.me/upload/S2017041358eed92818b4f/5968a3285a7c4.jpg
냠냠쩝쩝,프리미엄 파떡닭꼬치,3500,닭꼬치,https://cdn.imweb.me/upload/S2017041358eed92818b4f/5968a31d24847.jpg
냠냠쩝쩝,양갈비 꼬치,4000,꼬치,https://cdn.imweb.me/upload/S2017041358eed92818b4f/5968a322471d2.jpg

다코아찌,타코야끼 8개,3000,타코야끼,https://cdn.imweb.me/upload/S2017041358eed92818b4f/5951d81ee25d7.jpg

서프독(SURFDOG),서프독(255g),5000,핫도그,https://cdn.imweb.me/upload/S2017041358eed92818b4f/594b3e9cc8340.jpg
서프독(SURFDOG),치즈독(250g),6000,핫도그,https://cdn.imweb.me/upload/S2017041358eed92818b4f/594b3e9f2b8e6.jpg
서프독(SURFDOG),불독(255g),7000,핫도그,https://cdn.imweb.me/upload/S2017041358eed92818b4f/594b3ea04ec76.jpg

달려라 자두씽,미니츄(3개),2000,츄러스,https://cdn.imweb.me/upload/S2017041358eed92818b4f/5948b230846e0.jpg
달려라 자두씽,미니츄(5개),3000,츄러스,https://cdn.imweb.me/upload/S2017041358eed92818b4f/5948b230846e0.jpg
달려라 자두씽,미니츄(9개),5000,츄러스,https://cdn.imweb.me/upload/S2017041358eed92818b4f/5948b230846e0.jpg
달려라 자두씽,커피콩빵 (10개한컵),3000,빵,https://cdn.imweb.me/upload/S2017041358eed92818b4f/5948b230a407b.jpg

깡패팩토리,깡패치킨팩,7000,치킨,https://cdn.imweb.me/upload/S2017041358eed92818b4f/594376ba8b58c.jpg
깡패팩토리,깡패소세지볼,7000,튀김,https://cdn.imweb.me/upload/S2017041358eed92818b4f/594376bab6a7c.jpg
깡패팩토리,깡패핫도그,2500,핫도그,https://cdn.imweb.me/upload/S2017041358eed92818b4f/594376bac8116.jpg

풍류인더트럭,베이직 핫도그,2500,핫도그,https://cdn.imweb.me/upload/S2017041358eed92818b4f/594258c9baae0.jpg
풍류인더트럭,칠리 핫도그,3000,핫도그,https://cdn.imweb.me/upload/S2017041358eed92818b4f/594258c9966ad.jpg
풍류인더트럭,치즈 핫도그,3500,핫도그,https://cdn.imweb.me/upload/S2017041358eed92818b4f/594258c9b16e2.jpg

OBBAYA CHU~ (오빠야츄),츄러스,2000,츄러스,https://cdn.imweb.me/upload/S2017041358eed92818b4f/593e21333d3c9.jpg
OBBAYA CHU~ (오빠야츄),핫도그,3000,핫도그,https://cdn.imweb.me/upload/S2017041358eed92818b4f/593e21334ea33.jpg

불꽃튀김,왕새우꼬치튀김,5900,튀김,https://cdn.imweb.me/upload/S2017041358eed92818b4f/5936457c7ad07.jpg
불꽃튀김,왕파닭꼬치튀김,4000,튀김,https://cdn.imweb.me/upload/S2017041358eed92818b4f/5936457c0d1f3.jpg
불꽃튀김,왕고추튀김,3200,튀김,https://cdn.imweb.me/upload/S2017041358eed92818b4f/5936457c25e4d.jpg
불꽃튀김,왕김말이튀김,2500,튀김,https://cdn.imweb.me/upload/S2017041358eed92818b4f/5936457c9c3d6.jpg
불꽃튀김,국물떡볶이,3000,떡볶이,https://cdn.imweb.me/upload/S2017041358eed92818b4f/5936457c3f919.jpg

Wonder Dog (원더도그), 필리 스테이크 원더도그,6000,핫도그,https://cdn.imweb.me/upload/S2017041358eed92818b4f/592fef5692672.jpg

꽃보다 꼬치,왕닭꼬치,4000,닭꼬치,https://cdn.imweb.me/upload/S2017041358eed92818b4f/592d1ec97f461.jpg
꽃보다 꼬치,닭꼬치,3000,닭꼬치,https://cdn.imweb.me/upload/S2017041358eed92818b4f/592d1ec97f461.jpg
꽃보다 꼬치,핫도그,3000,핫도그,https://cdn.imweb.me/upload/S2017041358eed92818b4f/592d1f10abed7.jpg
꽃보다 꼬치,떡꼬치,2000,꼬치,https://cdn.imweb.me/upload/S2017041358eed92818b4f/592d1ee779106.jpg

Friend (프렌드),왕 닭꼬치,3000,닭꼬치,https://cdn.imweb.me/upload/S2017041358eed92818b4f/592405658f18c.jpg
Friend (프렌드),양꼬치,2000,꼬치,https://cdn.imweb.me/upload/S2017041358eed92818b4f/592405676ed50.jpg

HandWich (핸드위치),베이컨DLS 샌드위치,4500,샌드위치,https://cdn.imweb.me/upload/S2017041358eed92818b4f/5922ccbb81e73.jpg
HandWich (핸드위치),참치 샌드위치,4500,샌드위치,https://cdn.imweb.me/upload/S2017041358eed92818b4f/5922ccbb81e73.jpg
HandWich (핸드위치),닭안신살 샌드위치,4500,샌드위치,https://cdn.imweb.me/upload/S2017041358eed92818b4f/5922ccbb81e73.jpg

쥬꼬면,양꼬치,2000,꼬치,https://cdn.imweb.me/upload/S2017041358eed92818b4f/5922cb0ce706e.jpg
쥬꼬면,닭꼬치,3000,닭꼬치,https://cdn.imweb.me/upload/S2017041358eed92818b4f/5922cb0a2276c.jpg
쥬꼬면,컵밥,4000,컵밥,https://cdn.imweb.me/upload/S2017041358eed92818b4f/5922cb3037cd2.jpg
쥬꼬면,부산미도어묵,1000,어묵,https://cdn.imweb.me/upload/S2017041358eed92818b4f/5922cb2262991.jpg

몽한량,닭꼬치,3000,닭꼬치,https://cdn.imweb.me/upload/S2017041358eed92818b4f/59201fab3ba41.jpg

하하 푸드트럭,새우 핫도그,4000,핫도그,https://cdn.imweb.me/upload/S2017041358eed92818b4f/591ee4be66a46.jpg
하하 푸드트럭,대왕새우 핫도그,6000,핫도그,https://cdn.imweb.me/upload/S2017041358eed92818b4f/591ee4be66a46.jpg
하하 푸드트럭,새우야끼,5000,타코야끼,https://cdn.imweb.me/upload/S2017041358eed92818b4f/591ee3c701739.jpg
하하 푸드트럭,돈까스 샌드위치 & 감자튀김,6000,샌드위치,https://cdn.imweb.me/upload/S2017041358eed92818b4f/591ee44e015d6.jpg
하하 푸드트럭,타꼬야끼(12알),5000,타코야끼,https://cdn.imweb.me/upload/S2017041358eed92818b4f/591ee3b56dded.jpg
하하 푸드트럭,치킨꼬치,3500,꼬치,https://cdn.imweb.me/upload/S2017041358eed92818b4f/591ee5a5e2169.png
하하 푸드트럭,콜팝치킨,2500,치킨,https://cdn.imweb.me/upload/S2017041358eed92818b4f/591ee3f2779bd.png
하하 푸드트럭,마약핫도그,3500,핫도그,https://cdn.imweb.me/upload/S2017041358eed92818b4f/591ee49062cc2.jpg

Seoul Food Truck (서울푸드트럭),수제 미트볼 롤,6000,핫도그,https://cdn.imweb.me/upload/S2017041358eed92818b4f/591ea3ecbb1cf.jpg
Seoul Food Truck (서울푸드트럭),수제 소고기 롤,6000,핫도그,https://cdn.imweb.me/upload/S2017041358eed92818b4f/591ea3ef43fe2.jpg
Seoul Food Truck (서울푸드트럭),코울슬로 샐러드,2000,샐러드,https://cdn.imweb.me/upload/S2017041358eed92818b4f/591eaf969ae53.jpg

달리는 모모트럭,소세지 꼬치,2000,소시지,https://cdn.imweb.me/upload/S2017041358eed92818b4f/5916cb0e9e270.jpg
달리는 모모트럭,핫도그,4000,핫도그,https://cdn.imweb.me/upload/S2017041358eed92818b4f/5916ca9e0ace8.jpg

한입만,치즈 불고기 통감자,4900,통감자,https://cdn.imweb.me/upload/S2017041358eed92818b4f/5911509a29aa0.jpg
한입만,타코,5000,타코,https://cdn.imweb.me/upload/S2017041358eed92818b4f/5911509e78ac2.jpg
한입만,나쵸,3500,나쵸,https://cdn.imweb.me/upload/S2017041358eed92818b4f/5911509bc7993.jpg

사랑애푸드카,오리지널치킨,8000,치킨,https://cdn.imweb.me/upload/S2017041358eed92818b4f/59114fed2373a.jpg
사랑애푸드카,순살치킨,9000,치킨,https://cdn.imweb.me/upload/S2017041358eed92818b4f/59114fe6152a0.jpg
사랑애푸드카,순살요델리,5000,치킨,https://cdn.imweb.me/upload/S2017041358eed92818b4f/59114fe1ab470.jpg
사랑애푸드카,블랙폭강정,5000,튀김,https://cdn.imweb.me/upload/S2017041358eed92818b4f/59114fe7b2bf4.jpg
사랑애푸드카,소감(소세지+감자튀김),4000,소시지,https://cdn.imweb.me/upload/S2017041358eed92818b4f/59114ff3cdd40.jpg
사랑애푸드카,웨지감자튀김,3000,튀김,https://cdn.imweb.me/upload/S2017041358eed92818b4f/59114fe46797a.jpg
사랑애푸드카,소세지,2000,소시지,https://cdn.imweb.me/upload/S2017041358eed92818b4f/59114fe0074dd.jpg

SPARTACOOK'S (스파르타쿡스),탕수육 떡볶이,5000,떡볶이,https://cdn.imweb.me/upload/S2017041358eed92818b4f/590d7d22335bf.jpg

88닭강정,바삭 닭강정(중),6000,닭강정,https://cdn.imweb.me/upload/S2017041358eed92818b4f/591973e193816.png
88닭강정,바삭 닭강정(대),11000,닭강정,https://cdn.imweb.me/upload/S2017041358eed92818b4f/591973e193816.png
88닭강정,팔팔 달콤 닭강정(중),6000,닭강정,https://cdn.imweb.me/upload/S2017041358eed92818b4f/591973f7ab6e4.jpg
88닭강정,팔팔 달콤 닭강정(대),11000,닭강정,https://cdn.imweb.me/upload/S2017041358eed92818b4f/591973f7ab6e4.jpg

그남자의 소시지,마약핫도그,4000,핫도그,https://cdn.imweb.me/upload/S2017041358eed92818b4f/5907f6f167f99.jpg
그남자의 소시지,치즈스틱,1500,치즈스틱,https://cdn.imweb.me/upload/S2017041358eed92818b4f/5907f6fb9aa72.jpg
그남자의 소시지,전구에이드,3000,음료,https://cdn.imweb.me/upload/S2017041358eed92818b4f/5907f6f708760.jpg

낭만꼬치,닭꼬치,3000,닭꼬치,https://cdn.imweb.me/upload/S2017041358eed92818b4f/590697ad03826.jpg

Churro king (츄로킹),츄러스,2000,츄러스,https://cdn.imweb.me/upload/S2017041358eed92818b4f/590695ac347f3.jpg

Shrimp LAB (쉬림프 랩),칠리 쉬림프,8000,쉬림프,https://cdn.imweb.me/upload/S2017041358eed92818b4f/59842efb201f3.jpg
Shrimp LAB (쉬림프 랩),레몬크림 쉬림프,8000,쉬림프,https://cdn.imweb.me/upload/S2017041358eed92818b4f/59842efb1bca5.jpg
Shrimp LAB (쉬림프 랩),갈릭버터 쉬림프,8000,쉬림프,https://cdn.imweb.me/upload/S2017041358eed92818b4f/59842efb17287.jpg

매너닭,도깨비 핫도그,3000,핫도그,https://cdn.imweb.me/upload/S2017041358eed92818b4f/5911599e3be15.jpg
매너닭,누텔라 순살치킨,6000,치킨,https://cdn.imweb.me/upload/S2017041358eed92818b4f/5911597ed2545.jpg
매너닭,23cm 소세지 버거,5000,소시지,https://cdn.imweb.me/upload/S2017041358eed92818b4f/5958d7b36993d.jpg
매너닭,30cm 소세지 버거,6000,소시지,https://cdn.imweb.me/upload/S2017041358eed92818b4f/5958d7b0d70f9.jpg

나이스츄미츄,롱츄,2000,츄러스,https://cdn.imweb.me/upload/S2017041358eed92818b4f/58fd7d149084e.jpg
나이스츄미츄,아이스크림,2000,아이스크림,https://cdn.imweb.me/upload/S2017041358eed92818b4f/58fd7d1bf2298.jpg

ANDAMIRO (안다미로),로스트비프 샌드위치,7000,샌드위치,https://cdn.imweb.me/upload/S2017041358eed92818b4f/59916008978a8.jpg
ANDAMIRO (안다미로),참치치즈 샌드위치,7000,샌드위치,https://cdn.imweb.me/upload/S2017041358eed92818b4f/59916017e6b23.jpg

PEACEFUL food trailer (피스풀),오꼬노미야끼,5000,오꼬노미야끼,https://cdn.imweb.me/upload/S2017041358eed92818b4f/58f9895dd9026.jpg
PEACEFUL food trailer (피스풀),야끼소바,5000,면,https://cdn.imweb.me/upload/S2017041358eed92818b4f/58fd80e120a23.jpg


THE TRAVEL (더 트래블),타코,4000,타코,https://cdn.imweb.me/upload/S2017041358eed92818b4f/58f9885bd667f.jpg
THE TRAVEL (더 트래블),닭꼬치,3000,닭꼬치,https://cdn.imweb.me/upload/S2017041358eed92818b4f/58f9885f03fe7.jpg

Cube Yellow (큐브옐로우),큐브 스테이크,9000,스테이크,https://cdn.imweb.me/upload/S2017041358eed92818b4f/58f20440a0882.jpg
Cube Yellow (큐브옐로우),마약 롱 핫도그,5000,핫도그,https://cdn.imweb.me/upload/S2017041358eed92818b4f/58f20457a53f6.jpg
Cube Yellow (큐브옐로우),수제 츄러스,3000,츄러스,https://cdn.imweb.me/upload/S2017041358eed92818b4f/58f20460676d5.jpg

츄앤츄 츄러스,츄러스,2000,츄러스,https://cdn.imweb.me/upload/S2017041358eed92818b4f/58f202f03efdf.jpg

지요추,롱츄러스,4000,츄러스,https://cdn.imweb.me/upload/S2017041358eed92818b4f/58f201d94b2c1.png


달리는 야끼트럭,타코야끼(小) (8개),3000,타코야끼,https://cdn.imweb.me/upload/S2017041358eed92818b4f/58f202333e5d2.png
달리는 야끼트럭,타코야끼(中) (14개),5000,타코야끼,https://cdn.imweb.me/upload/S2017041358eed92818b4f/58f202333e5d2.png
달리는 야끼트럭,타코야끼(大) (28개),10000,타코야끼,https://cdn.imweb.me/upload/S2017041358eed92818b4f/58f202333e5d2.png


강정이네,닭강정 (혼자서),3000,닭강정,https://cdn.imweb.me/upload/S2017041358eed92818b4f/5994f6294f315.jpg
강정이네,닭강정 (둘이서),6000,닭강정,https://cdn.imweb.me/upload/S2017041358eed92818b4f/5994f6294f315.jpg
강정이네,닭강정 (셋이서),10000,닭강정,https://cdn.imweb.me/upload/S2017041358eed92818b4f/5994f6294f315.jpg
강정이네,닭강정 (온 가족),16000,닭강정,https://cdn.imweb.me/upload/S2017041358eed92818b4f/5994f6294f315.jpg

좋은날츄러스,츄러스,3000,츄러스,https://cdn.imweb.me/upload/S2017041358eed92818b4f/4dbcf2ef0df06.jpg
좋은날츄러스,회오리감자,4000,회오리감자,https://cdn.imweb.me/upload/S2017041358eed92818b4f/bbc8c1bf3abd5.jpg
좋은날츄러스,소떡소떡,3000,소떡소떡,https://cdn.imweb.me/upload/S2017041358eed92818b4f/746057e858fa4.jpg

뽀라츄러스,뽀라롱츄러스,3000,츄러스,https://cdn.imweb.me/upload/S2017041358eed92818b4f/cff0d6d45a151.jpg
뽀라츄러스,아츄,6000,츄러스,https://cdn.imweb.me/upload/S2017041358eed92818b4f/bf5d8b418383c.jpg
뽀라츄러스,아이스크림,4000,아이스크림,https://cdn.imweb.me/upload/S2017041358eed92818b4f/7a66b88e46560.jpg
뽀라츄러스,소떡소떡,3000,소떡소떡,https://cdn.imweb.me/upload/S2017041358eed92818b4f/4c0837adca7d5.jpg

CAFE MONICA(카페모니카),커피,4500,커피,https://cdn.imweb.me/upload/S2017041358eed92818b4f/5b99c8dc5a93b.jpg
CAFE MONICA(카페모니카),에이드,4000,음료,https://cdn.imweb.me/upload/S2017041358eed92818b4f/5b99c8dc87e01.jpg
CAFE MONICA(카페모니카),수제꽃과차,5000,음료,https://cdn.imweb.me/upload/S2017041358eed92818b4f/5b99c8dcda43f.jpg
CAFE MONICA(카페모니카),쥬스,4500,음료,https://cdn.imweb.me/upload/S2017041358eed92818b4f/5b99c8dc7c84b.jpg
CAFE MONICA(카페모니카),그릴에 구운 소시지,3500,소시지,https://cdn.imweb.me/upload/S2017041358eed92818b4f/5b99c8dc989cd.jpg

ssong's coffee(쏭스커피),아메리카노,2500,커피,https://cdn.imweb.me/upload/S2017041358eed92818b4f/5b3b45aadd915.png
ssong's coffee(쏭스커피),카페라떼,3000,음료,https://cdn.imweb.me/upload/S2017041358eed92818b4f/5b3b45ab1fd7f.png
ssong's coffee(쏭스커피),복숭아아이스티,3000,음료,https://cdn.imweb.me/upload/S2017041358eed92818b4f/5b3b45aacae34.png
ssong's coffee(쏭스커피),자몽에이트,4000,음료,https://cdn.imweb.me/upload/S2017041358eed92818b4f/5b3b45ab0453b.png
ssong's coffee(쏭스커피),레몬에이드,4000,음료,https://cdn.imweb.me/upload/S2017041358eed92818b4f/5b3b45aaaf6e1.png
ssong's coffee(쏭스커피),딸기요거레또,4000,음료,https://cdn.imweb.me/upload/S2017041358eed92818b4f/5b3b45aa898eb.png

달리는카페,아메리카노,2500,커피,https://cdn.imweb.me/upload/S2017041358eed92818b4f/5b2c55c77c773.png
달리는카페,녹차라떼,3500,커피,https://cdn.imweb.me/upload/S2017041358eed92818b4f/5b2c55c7c2706.jpg
달리는카페,초코,3000,음료,https://cdn.imweb.me/upload/S2017041358eed92818b4f/5b2c55c7cdbb3.jpg
달리는카페,레몬에이드,3500,음료,https://cdn.imweb.me/upload/S2017041358eed92818b4f/5b2c5622513fc.png
달리는카페,자몽에이드,4000,음료,https://cdn.imweb.me/upload/S2017041358eed92818b4f/5b2c56226cf61.png

용인팜랜드,전구에이드,4000,음료,https://cdn.imweb.me/upload/S2017041358eed92818b4f/59bce00f52b4f.jpg
용인팜랜드,커피콩빵,3000,빵,https://cdn.imweb.me/upload/S2017041358eed92818b4f/59bce01a67755.jpg

피턴하우스(P-turn house),하와이안 블루,5000,음료,https://cdn.imweb.me/upload/S2017041358eed92818b4f/599a3bbe783ec.jpg
피턴하우스(P-turn house),라임 모히또,4500,음료,https://cdn.imweb.me/upload/S2017041358eed92818b4f/599a3bc4f37bb.jpg
피턴하우스(P-turn house),전구에이드,4000,음료,https://cdn.imweb.me/upload/S2017041358eed92818b4f/599a3be7b4d45.jpg
피턴하우스(P-turn house),리얼아메리카노,3000,커피,https://cdn.imweb.me/upload/S2017041358eed92818b4f/599a3bf63b70d.jpg

빵플,허니크림치즈와플,3000,와플,https://cdn.imweb.me/upload/S2017041358eed92818b4f/59842be433e41.jpg
빵플,뉴욕핫도그,4000,핫도그,https://cdn.imweb.me/upload/S2017041358eed92818b4f/59842be4aa4ca.jpg
빵플,수제소세지,2500,소시지,https://cdn.imweb.me/upload/S2017041358eed92818b4f/59842be235b35.jpg
빵플,수제비프버거,7000,햄버거,https://cdn.imweb.me/upload/S2017041358eed92818b4f/59842be34a549.jpg
빵플,3단샌드위치,3500,샌드위치,https://cdn.imweb.me/upload/S2017041358eed92818b4f/59842be4a4ec9.jpg
빵플,과일화채,4000,화채,https://cdn.imweb.me/upload/S2017041358eed92818b4f/59842bff18ba4.jpg
빵플,아이스크림와플,4000,와플,https://cdn.imweb.me/upload/S2017041358eed92818b4f/59842be61274c.jpg
빵플,과일에이드,3500,음료,https://cdn.imweb.me/upload/S2017041358eed92818b4f/59842bff9687e.jpg
빵플,더치아메리카노,3000,커피,https://cdn.imweb.me/upload/S2017041358eed92818b4f/59842bfe50189.jpg
빵플,프리미엄 아이스크림,2500,아이스크림,https://cdn.imweb.me/upload/S2017041358eed92818b4f/59843aaae3207.jpg

달콤 크레페,딸기 크레페,3000,크레페,https://cdn.imweb.me/upload/S2017041358eed92818b4f/591d8a800cc93.jpg
달콤 크레페,바나나 크레페,3000,크레페,https://cdn.imweb.me/upload/S2017041358eed92818b4f/591d8b4c9d4c8.jpg
달콤 크레페,딸기 바나나 크레페,4000,크레페,https://cdn.imweb.me/upload/S2017041358eed92818b4f/591d8b62d2006.jpg
달콤 크레페,아이스크림 크레페,4000,크레페,https://cdn.imweb.me/upload/S2017041358eed92818b4f/591d8bad2c1c4.jpg

Shake Day (쉐이크 데이),밀크 쉐이크,3800,음료,https://cdn.imweb.me/upload/S2017041358eed92818b4f/591154ea825dc.png
Shake Day (쉐이크 데이),과일 스무디,4800,음료,https://cdn.imweb.me/upload/S2017041358eed92818b4f/591154fb600d4.png

커피투어,아메리카노,3000,커피,https://cdn.imweb.me/upload/S2017041358eed92818b4f/590148b3147d5.jpg
커피투어,카페모카,4000,커피,https://cdn.imweb.me/upload/S2017041358eed92818b4f/590148ba90c0b.jpg
커피투어,아이스초코,4000,음료,https://cdn.imweb.me/upload/S2017041358eed92818b4f/590148c5ba8e0.jpg

BoomBoom Cafe (붐붐카페),복숭아 에이드,3000,음료,https://cdn.imweb.me/upload/S2017041358eed92818b4f/58fefcf54d8b1.jpg
BoomBoom Cafe (붐붐카페),레몬 에이드,3000,음료,https://cdn.imweb.me/upload/S2017041358eed92818b4f/58f983e87d775.jpg
BoomBoom Cafe (붐붐카페),체리 에이드,3000,음료,https://cdn.imweb.me/upload/S2017041358eed92818b4f/58f983d6c5fbf.jpg

원식당,불초밥,12000,초밥,https://cdn.imweb.me/upload/S2017041358eed92818b4f/14413c7bbe378.jpg
원식당,스테이크,12000,스테이크,https://cdn.imweb.me/upload/S2017041358eed92818b4f/57b2052ff644c.jpg

더모니카,스테이크,10000,스테이크,https://cdn.imweb.me/upload/S2017041358eed92818b4f/d78cc27286764.jpg

(Brother Steak)브라더스테이크,스테이크 (1인분),9000,스테이크,https://cdn.imweb.me/upload/S2017041358eed92818b4f/5be53616e82d4.jpg
(Brother Steak)브라더스테이크,스테이크 (2인분),17000,스테이크,https://cdn.imweb.me/upload/S2017041358eed92818b4f/5be53616e82d4.jpg

HANK(행크),플레인핫도그,4000,핫도그,https://cdn.imweb.me/upload/S2017041358eed92818b4f/5be531c358b0d.jpeg
HANK(행크),칠리지즈핫도그,5500,핫도그,https://cdn.imweb.me/upload/S2017041358eed92818b4f/5be531c365d4e.jpeg
HANK(행크),더티콘핫도그,5000,핫도그,https://cdn.imweb.me/upload/S2017041358eed92818b4f/5be531c36e5dc.jpeg
HANK(행크),베이컨핫도그,5000,핫도그,https://cdn.imweb.me/upload/S2017041358eed92818b4f/5be531c37d47d.jpeg

로우코 바비큐 하우스,저크치킨스테이크,10000,스테이크,https://cdn.imweb.me/upload/S2017041358eed92818b4f/5bbabf06e7d20.jpg

웁스스테이크,그릴스테이크,8000,스테이크,https://cdn.imweb.me/upload/S2017041358eed92818b4f/5b7b7a371e350.jpg
웁스스테이크,수비드스테이크,9000,스테이크,https://cdn.imweb.me/upload/S2017041358eed92818b4f/5b7b7a1f14e8f.jpg

UNCLR JACK (엉클잭),하와이안 치즈스테이크,8000,스테이크,https://cdn.imweb.me/upload/S2017041358eed92818b4f/5b728fe6d1414.jpg
UNCLR JACK (엉클잭),갈릭스테이크 덮밥,8000,스테이크,https://cdn.imweb.me/upload/S2017041358eed92818b4f/5b728ff08b0b9.jpg
UNCLR JACK (엉클잭),갈릭 스테이크 샐러드,7000,스테이크,https://cdn.imweb.me/upload/S2017041358eed92818b4f/5b728ffcbf5b1.jpg

막창클라쓰,막창초벌소금구이,9900,막창,https://cdn.imweb.me/upload/S2017041358eed92818b4f/5b7273b91275a.jpg
막창클라쓰,막창초벌양념구이,9900,막창,https://cdn.imweb.me/upload/S2017041358eed92818b4f/5b7273b8e7a32.jpg

스시화,"갈릭치즈셋트 (갈릭치즈 소스) (구성- 연어2p, 새우2p, 와규2p, 군함 2p)",9500,초밥,https://cdn.imweb.me/upload/S2017041358eed92818b4f/5b4e8c8fe27bc.jpg
스시화,"매콥셋트 (매콤소스) (구성 - 연어2p, 새우2p, 와규2p, 군함2p)",9500,초밥,https://cdn.imweb.me/upload/S2017041358eed92818b4f/5b4e8c9001d80.jpg
스시화,"모드셋트 (갈릭치즈 + 매콥소스) (구성 - 연어3p, 새우3p, 와규 2p)",10500,초밥,https://cdn.imweb.me/upload/S2017041358eed92818b4f/5b4e8c900e064.jpg
스시화,"와규 셋트 (구성 - 와규 5p)",7000,초밥,https://cdn.imweb.me/upload/S2017041358eed92818b4f/5b4e8c9019362.jpg

(CAPER COOKING) 캠퍼쿠킹,부챗살 스테이크,9000,스테이크,https://cdn.imweb.me/upload/S2017041358eed92818b4f/5b3de5ed763a1.png
(CAPER COOKING) 캠퍼쿠킹,커리부에스터소시지,6000,소시지,https://cdn.imweb.me/upload/S2017041358eed92818b4f/5b3de5ed4d531.png

(Veteran)베테랑,소고기 불초밥,8900,초밥,https://cdn.imweb.me/upload/S2017041358eed92818b4f/5b2a02640e9c4.jpg
(Veteran)베테랑,또띠아 스테이크,8000,스테이크,https://cdn.imweb.me/upload/S2017041358eed92818b4f/5b2a026355839.jpg

woker(워커),망고크림새우,8000,쉬림프,https://cdn.imweb.me/upload/S2017041358eed92818b4f/5b16467628a5f.jpg
woker(워커),칠리새우,8000,쉬림프,https://cdn.imweb.me/upload/S2017041358eed92818b4f/5b164676078c3.jpg
woker(워커),깐풍새우,8000,쉬림프,https://cdn.imweb.me/upload/S2017041358eed92818b4f/5b16467641c91.jpg

멜츠비 (MELTSBY),치즈퐁듀 스테이크,8900,스테이크,https://cdn.imweb.me/upload/S2017041358eed92818b4f/5ab755f8afb55.jpeg

BONE STEAK (본 스테이크),언블리버블 스테이크,9900,스테이크,https://cdn.imweb.me/upload/S2017041358eed92818b4f/5ab7543f4ec38.jpg
BONE STEAK (본 스테이크),닭꼬치,3500,닭꼬치,https://cdn.imweb.me/upload/S2017041358eed92818b4f/5b5eae9b0331c.jpg
BONE STEAK (본 스테이크),롱소세지,3500,소시지,https://cdn.imweb.me/upload/S2017041358eed92818b4f/5b5eae9bd222b.jpg

두 남자의 69'STEAK,스테이크 샐러드,6900,스테이크,https://cdn.imweb.me/upload/S2017041358eed92818b4f/5a95fba682ce4.jpg
두 남자의 69'STEAK,스테이크 정식,9900,스테이크,https://cdn.imweb.me/upload/S2017041358eed92818b4f/5a95fba69b22e.jpg
두 남자의 69'STEAK,스테이크 더블 ,5900,스테이크,https://cdn.imweb.me/upload/S2017041358eed92818b4f/5a95fba6ac7e7.jpg

Sol Chef (솔 쉐프),리얼 수비드 스테이크,9000,스테이크,https://cdn.imweb.me/upload/S2017041358eed92818b4f/5a7fa1af6e579.png

Capri (카프리),롤스테이크,9000,스테이크,https://cdn.imweb.me/upload/S2017041358eed92818b4f/5a40957e9f2f4.jpg
Capri (카프리),먹물치아바타샌드위치,5500,샌드위치,https://cdn.imweb.me/upload/S2017041358eed92818b4f/5a4095859aab9.jpg

Gold Steak (골드 스테이크),스테이크세트,9900,스테이크,https://cdn.imweb.me/upload/S2017041358eed92818b4f/59fc0ee9bc7c3.jpg
Gold Steak (골드 스테이크),하와이안쉬림프,8000,쉬림프,https://cdn.imweb.me/upload/S2017041358eed92818b4f/59fc0efabf469.jpg

토르토르,토마토 돼지철판구이,8000,돼지고기,https://cdn.imweb.me/upload/S2017041358eed92818b4f/59e6a2938c25d.jpg
토르토르,토마토 돼지덮밥,7000,덮밥,https://cdn.imweb.me/upload/S2017041358eed92818b4f/59e6a29dbf1d9.jpg

부자갈비바비큐,돼지양념갈비,7000,갈비,https://cdn.imweb.me/upload/S2017041358eed92818b4f/59e6a1a81d1be.jpg
부자갈비바비큐,소이동갈비,9900,갈비,https://cdn.imweb.me/upload/S2017041358eed92818b4f/59e6a1b7c2768.jpg
부자갈비바비큐,갈비버거,5000,햄버거,https://cdn.imweb.me/upload/S2017041358eed92818b4f/59e6a1c44ef03.jpg

COOKING PAPA (쿠킹 파파),정통철판불꽃스테이크,9900,스테이크,https://cdn.imweb.me/upload/S2017041358eed92818b4f/59db23700c64e.jpg
COOKING PAPA (쿠킹 파파),스테이크포케,9900,스테이크,https://cdn.imweb.me/upload/S2017041358eed92818b4f/59db181e38130.jpg

KORCAINE,감바스 알 아히요,8000,감바스,https://cdn.imweb.me/upload/S2017041358eed92818b4f/59d9d735e1df4.jpg
KORCAINE,새우 오일 파스타,9000,파스타,https://cdn.imweb.me/upload/S2017041358eed92818b4f/59d9d744a167f.jpg
KORCAINE,새우 바질크림 파스타,9000,파스타,https://cdn.imweb.me/upload/S2017041358eed92818b4f/59d9d75669880.jpg

나이스챕,스테이크타코,6000,타코,https://cdn.imweb.me/upload/S2017041358eed92818b4f/59bf3cf164bf9.jpg
나이스챕,칠리치즈프라이즈,5000,감자튀김,https://cdn.imweb.me/upload/S2017041358eed92818b4f/59bf3d1b21bb3.jpg
나이스챕,허니갈릭프라이즈,5000,감자튀김,https://cdn.imweb.me/upload/S2017041358eed92818b4f/59bf3d25839fa.jpg
나이스챕,나이스세트,9900,타코,https://cdn.imweb.me/upload/S2017041358eed92818b4f/59bf3d2b46681.jpg